Workbook
Name Headline: Summary!$B$10

Sheet Summary
A1: Halloway Instruments - FY2026 Q3 close
A2: Close date | B2: 46295
A3: Revenue by region (USD)
A4: AMER | B4: =SUMIFS(Revenue!$F$2:$F$201,Revenue!$B$2:$B$201,A4) -> 2458748.8
A5: EMEA | B5: =SUMIFS(Revenue!$F$2:$F$201,Revenue!$B$2:$B$201,A5) -> 1438082.9
A6: APAC | B6: =SUMIFS(Revenue!$F$2:$F$201,Revenue!$B$2:$B$201,A6) -> 460839.71
A7: LATAM | B7: =SUMIFS(Revenue!$F$2:$F$201,Revenue!$B$2:$B$201,A7) -> 511626.09
A8: Gross revenue | B8: =SUM(B4:B7) -> 4869297.5
A9: Manual adjustments | B9: =SUM(Adjustments!C2:C3) -> 67500
A10: Q3 Net Revenue | B10: =B8+B9 -> 4936797.5

Sheet Revenue
A1: order_id | B1: region | C1: currency | D1: line_native | E1: usd_rate | F1: line_usd
A2: =Orders!A2 -> ORD-10001 | B2: =Orders!E2 -> AMER | C2: =Orders!F2 -> EUR | D2: =Orders!D2*VLOOKUP(Orders!C2,Pricebook!$A$2:$B$48,2,FALSE) -> 8190 | E2: =SUMIFS(FX!$C$2:$C$277,FX!$A$2:$A$277,Summary!$B$2,FX!$B$2:$B$277,C2) -> 1.0934 | F2: =ROUND(D2*E2,2) -> 8954.95
A3: =Orders!A3 -> ORD-10002 | B3: =Orders!E3 -> AMER | C3: =Orders!F3 -> USD | D3: =Orders!D3*VLOOKUP(Orders!C3,Pricebook!$A$2:$B$48,2,FALSE) -> 12420 | E3: =SUMIFS(FX!$C$2:$C$277,FX!$A$2:$A$277,Summary!$B$2,FX!$B$2:$B$277,C3) -> 1 | F3: =ROUND(D3*E3,2) -> 12420
A4: =Orders!A4 -> ORD-10003 | B4: =Orders!E4 -> AMER | C4: =Orders!F4 -> USD | D4: =Orders!D4*VLOOKUP(Orders!C4,Pricebook!$A$2:$B$48,2,FALSE) -> 4350 | E4: =SUMIFS(FX!$C$2:$C$277,FX!$A$2:$A$277,Summary!$B$2,FX!$B$2:$B$277,C4) -> 1 | F4: =ROUND(D4*E4,2) -> 4350
A5: =Orders!A5 -> ORD-10004 | B5: =Orders!E5 -> AMER | C5: =Orders!F5 -> USD | D5: =Orders!D5*VLOOKUP(Orders!C5,Pricebook!$A$2:$B$48,2,FALSE) -> 31800 | E5: =SUMIFS(FX!$C$2:$C$277,FX!$A$2:$A$277,Summary!$B$2,FX!$B$2:$B$277,C5) -> 1 | F5: =ROUND(D5*E5,2) -> 31800
A6: =Orders!A6 -> ORD-10005 | B6: =Orders!E6 -> AMER | C6: =Orders!F6 -> USD | D6: =Orders!D6*VLOOKUP(Orders!C6,Pricebook!$A$2:$B$48,2,FALSE) -> 38880 | E6: =SUMIFS(FX!$C$2:$C$277,FX!$A$2:$A$277,Summary!$B$2,FX!$B$2:$B$277,C6) -> 1 | F6: =ROUND(D6*E6,2) -> 38880
A7: =Orders!A7 -> ORD-10006 | B7: =Orders!E7 -> AMER | C7: =Orders!F7 -> EUR | D7: =Orders!D7*VLOOKUP(Orders!C7,Pricebook!$A$2:$B$48,2,FALSE) -> 17010 | E7: =SUMIFS(FX!$C$2:$C$277,FX!$A$2:$A$277,Summary!$B$2,FX!$B$2:$B$277,C7) -> 1.0934 | F7: =ROUND(D7*E7,2) -> 18598.73
A8: =Orders!A8 -> ORD-10007 | B8: =Orders!E8 -> AMER | C8: =Orders!F8 -> GBP | D8: =Orders!D8*VLOOKUP(Orders!C8,Pricebook!$A$2:$B$48,2,FALSE) -> 39480 | E8: =SUMIFS(FX!$C$2:$C$277,FX!$A$2:$A$277,Summary!$B$2,FX!$B$2:$B$277,C8) -> 1.2657 | F8: =ROUND(D8*E8,2) -> 49969.84
A9: =Orders!A9 -> ORD-10008 | B9: =Orders!E9 -> AMER | C9: =Orders!F9 -> USD | D9: =Orders!D9*VLOOKUP(Orders!C9,Pricebook!$A$2:$B$48,2,FALSE) -> 29200 | E9: =SUMIFS(FX!$C$2:$C$277,FX!$A$2:$A$277,Summary!$B$2,FX!$B$2:$B$277,C9) -> 1 | F9: =ROUND(D9*E9,2) -> 29200
A10: =Orders!A10 -> ORD-10009 | B10: =Orders!E10 -> AMER | C10: =Orders!F10 -> EUR | D10: =Orders!D10*VLOOKUP(Orders!C10,Pricebook!$A$2:$B$48,2,FALSE) -> 17760 | E10: =SUMIFS(FX!$C$2:$C$277,FX!$A$2:$A$277,Summary!$B$2,FX!$B$2:$B$277,C10) -> 1.0934 | F10: =ROUND(D10*E10,2) -> 19418.78
A11: =Orders!A11 -> ORD-10010 | B11: =Orders!E11 -> AMER | C11: =Orders!F11 -> USD | D11: =Orders!D11*VLOOKUP(Orders!C11,Pricebook!$A$2:$B$48,2,FALSE) -> 18060 | E11: =SUMIFS(FX!$C$2:$C$277,FX!$A$2:$A$277,Summary!$B$2,FX!$B$2:$B$277,C11) -> 1 | F11: =ROUND(D11*E11,2) -> 18060
A12: =Orders!A12 -> ORD-10011 | B12: =Orders!E12 -> AMER | C12: =Orders!F12 -> USD | D12: 32175 | E12: =SUMIFS(FX!$C$2:$C$277,FX!$A$2:$A$277,Summary!$B$2,FX!$B$2:$B$277,C12) -> 1 | F12: =ROUND(D12*E12,2) -> 32175
A13: =Orders!A13 -> ORD-10012 | B13: =Orders!E13 -> AMER | C13: =Orders!F13 -> USD | D13: =Orders!D13*VLOOKUP(Orders!C13,Pricebook!$A$2:$B$48,2,FALSE) -> 25530 | E13: =SUMIFS(FX!$C$2:$C$277,FX!$A$2:$A$277,Summary!$B$2,FX!$B$2:$B$277,C13) -> 1 | F13: =ROUND(D13*E13,2) -> 25530
A14: =Orders!A14 -> ORD-10013 | B14: =Orders!E14 -> AMER | C14: =Orders!F14 -> EUR | D14: =Orders!D14*VLOOKUP(Orders!C14,Pricebook!$A$2:$B$48,2,FALSE) -> 35880 | E14: =SUMIFS(FX!$C$2:$C$277,FX!$A$2:$A$277,Summary!$B$2,FX!$B$2:$B$277,C14) -> 1.0934 | F14: =ROUND(D14*E14,2) -> 39231.19
A15: =Orders!A15 -> ORD-10014 | B15: =Orders!E15 -> AMER | C15: =Orders!F15 -> EUR | D15: =Orders!D15*VLOOKUP(Orders!C15,Pricebook!$A$2:$B$48,2,FALSE) -> 30160 | E15: =SUMIFS(FX!$C$2:$C$277,FX!$A$2:$A$277,Summary!$B$2,FX!$B$2:$B$277,C15) -> 1.0934 | F15: =ROUND(D15*E15,2) -> 32976.94
A16: =Orders!A16 -> ORD-10015 | B16: =Orders!E16 -> AMER | C16: =Orders!F16 -> EUR | D16: =Orders!D16*VLOOKUP(Orders!C16,Pricebook!$A$2:$B$48,2,FALSE) -> 24840 | E16: =SUMIFS(FX!$C$2:$C$277,FX!$A$2:$A$277,Summary!$B$2,FX!$B$2:$B$277,C16) -> 1.0934 | F16: =ROUND(D16*E16,2) -> 27160.06
A17: =Orders!A17 -> ORD-10016 | B17: =Orders!E17 -> AMER | C17: =Orders!F17 -> GBP | D17: =Orders!D17*VLOOKUP(Orders!C17,Pricebook!$A$2:$B$48,2,FALSE) -> 3160 | E17: =SUMIFS(FX!$C$2:$C$277,FX!$A$2:$A$277,Summary!$B$2,FX!$B$2:$B$277,C17) -> 1.2657 | F17: =ROUND(D17*E17,2) -> 3999.61
A18: =Orders!A18 -> ORD-10017 | B18: =Orders!E18 -> AMER | C18: =Orders!F18 -> USD | D18: =Orders!D18*VLOOKUP(Orders!C18,Pricebook!$A$2:$B$48,2,FALSE) -> 26280 | E18: =SUMIFS(FX!$C$2:$C$277,FX!$A$2:$A$277,Summary!$B$2,FX!$B$2:$B$277,C18) -> 1 | F18: =ROUND(D18*E18,2) -> 26280
A19: =Orders!A19 -> ORD-10018 | B19: =Orders!E19 -> AMER | C19: =Orders!F19 -> GBP | D19: =Orders!D19*VLOOKUP(Orders!C19,Pricebook!$A$2:$B$48,2,FALSE) -> 38070 | E19: =SUMIFS(FX!$C$2:$C$277,FX!$A$2:$A$277,Summary!$B$2,FX!$B$2:$B$277,C19) -> 1.2657 | F19: =ROUND(D19*E19,2) -> 48185.2
A20: =Orders!A20 -> ORD-10019 | B20: =Orders!E20 -> AMER | C20: =Orders!F20 -> EUR | D20: =Orders!D20*VLOOKUP(Orders!C20,Pricebook!$A$2:$B$48,2,FALSE) -> 9660 | E20: =SUMIFS(FX!$C$2:$C$277,FX!$A$2:$A$277,Summary!$B$2,FX!$B$2:$B$277,C20) -> 1.0934 | F20: =ROUND(D20*E20,2) -> 10562.24
A21: =Orders!A21 -> ORD-10020 | B21: =Orders!E21 -> AMER | C21: =Orders!F21 -> USD | D21: =Orders!D21*VLOOKUP(Orders!C21,Pricebook!$A$2:$B$48,2,FALSE) -> 11160 | E21: =SUMIFS(FX!$C$2:$C$277,FX!$A$2:$A$277,Summary!$B$2,FX!$B$2:$B$277,C21) -> 1 | F21: =ROUND(D21*E21,2) -> 11160
A22: =Orders!A22 -> ORD-10021 | B22: =Orders!E22 -> AMER | C22: =Orders!F22 -> USD | D22: =Orders!D22*VLOOKUP(Orders!C22,Pricebook!$A$2:$B$48,2,FALSE) -> 37800 | E22: =SUMIFS(FX!$C$2:$C$277,FX!$A$2:$A$277,Summary!$B$2,FX!$B$2:$B$277,C22) -> 1 | F22: =ROUND(D22*E22,2) -> 37800
A23: =Orders!A23 -> ORD-10022 | B23: =Orders!E23 -> AMER | C23: =Orders!F23 -> USD | D23: =Orders!D23*VLOOKUP(Orders!C23,Pricebook!$A$2:$B$48,2,FALSE) -> 25920 | E23: =SUMIFS(FX!$C$2:$C$277,FX!$A$2:$A$277,Summary!$B$2,FX!$B$2:$B$277,C23) -> 1 | F23: =ROUND(D23*E23,2) -> 25920
A24: =Orders!A24 -> ORD-10023 | B24: =Orders!E24 -> AMER | C24: =Orders!F24 -> GBP | D24: =Orders!D24*VLOOKUP(Orders!C24,Pricebook!$A$2:$B$48,2,FALSE) -> 28750 | E24: =SUMIFS(FX!$C$2:$C$277,FX!$A$2:$A$277,Summary!$B$2,FX!$B$2:$B$277,C24) -> 1.2657 | F24: =ROUND(D24*E24,2) -> 36388.88
... A201: =Orders!A201 -> ORD-10200 | B201: =Orders!E201 -> LATAM | C201: =Orders!F201 -> USD | D201: =Orders!D201*VLOOKUP(Orders!C201,Pricebook!$A$2:$B$48,2,FALSE) -> 28770 | E201: =SUMIFS(FX!$C$2:$C$277,FX!$A$2:$A$277,Summary!$B$2,FX!$B$2:$B$277,C201) -> 1 | F201: =ROUND(D201*E201,2) -> 28770

Sheet Orders
A1: order_id | B1: order_date | C1: sku | D1: qty | E1: region | F1: currency | G1: unit_price_at_sale
A2: ORD-10001 | B2: 46210 | C2: SKU-4483 | D2: 13 | E2: AMER | F2: EUR | G2: 630
A3: ORD-10002 | B3: 46212 | C3: SKU-5004 | D3: 9 | E3: AMER | F3: USD | G3: 1380
A4: ORD-10003 | B4: 46231 | C4: SKU-4460 | D4: 3 | E4: AMER | F4: USD | G4: 1450
A5: ORD-10004 | B5: 46246 | C5: SKU-4499 | D5: 15 | E5: AMER | F5: USD | G5: 2120
A6: ORD-10005 | B6: 46274 | C6: SKU-4490 | D6: 27 | E6: AMER | F6: USD | G6: 1440
A7: ORD-10006 | B7: 46234 | C7: SKU-4483 | D7: 27 | E7: AMER | F7: EUR | G7: 630
A8: ORD-10007 | B8: 46283 | C8: SKU-4492 | D8: 28 | E8: AMER | F8: GBP | G8: 1410
A9: ORD-10008 | B9: 46283 | C9: SKU-5006 | D9: 20 | E9: AMER | F9: USD | G9: 1460
A10: ORD-10009 | B10: 46227 | C10: SKU-4475 | D10: 16 | E10: AMER | F10: EUR | G10: 1110
A11: ORD-10010 | B11: 46278 | C11: SKU-5019 | D11: 21 | E11: AMER | F11: USD | G11: 860
A12: ORD-10011 | B12: 46271 | C12: SKU-4499 | D12: 15 | E12: AMER | F12: USD | G12: 2145
A13: ORD-10012 | B13: 46226 | C13: SKU-5000 | D13: 23 | E13: AMER | F13: USD | G13: 1110
... A201: ORD-10200 | B201: 46259 | C201: SKU-4468 | D201: 21 | E201: LATAM | F201: USD | G201: 1370

Sheet Pricebook
A1: sku | B1: list_price | C1: currency | D1: effective_date | E1: last_modified_by | F1: approval_ref
A2: SKU-4460 | B2: 1450 | C2: USD | D2: 46204 | E2: s.patel | F2: APR-3805
A3: SKU-4461 | B3: 1710 | C3: USD | D3: 46204 | E3: r.okonkwo | F3: APR-2344
A4: SKU-4462 | B4: 1120 | C4: EUR | D4: 46204 | E4: m.jensen | F4: APR-3556
A5: SKU-4463 | B5: 1800 | C5: USD | D5: 46204 | E5: t.almeida | F5: APR-9161
A6: SKU-4464 | B6: 2320 | C6: EUR | D6: 46204 | E6: m.jensen | F6: APR-5007
A7: SKU-4465 | B7: 1320 | C7: USD | D7: 46204 | E7: t.almeida | F7: APR-6930
A8: SKU-4466 | B8: 1320 | C8: EUR | D8: 46204 | E8: t.almeida | F8: APR-9742
A9: SKU-4467 | B9: 620 | C9: USD | D9: 46204 | E9: r.okonkwo | F9: APR-3751
A10: SKU-4468 | B10: 1370 | C10: USD | D10: 46204 | E10: m.jensen | F10: APR-3810
A11: SKU-4469 | B11: 1560 | C11: EUR | D11: 46204 | E11: m.jensen | F11: APR-6614
A12: SKU-4470 | B12: 1150 | C12: GBP | D12: 46204 | E12: l.vasquez | F12: APR-3536
A13: SKU-4471 | B13: 1340 | C13: USD | D13: 46248 | E13: m.jensen
A14: SKU-4472 | B14: 980 | C14: USD | D14: 46248 | E14: m.jensen
A15: SKU-4473 | B15: 1670 | C15: EUR | D15: 46204 | E15: t.almeida | F15: APR-6354
A16: SKU-4474 | B16: 1860 | C16: USD | D16: 46204 | E16: d.fairbanks | F16: APR-5554
A17: SKU-4475 | B17: 1110 | C17: EUR | D17: 46204 | E17: d.fairbanks | F17: APR-3464
A18: SKU-4477 | B18: 550 | C18: USD | D18: 46204 | E18: m.jensen | F18: APR-9628
A19: SKU-4478 | B19: 870 | C19: EUR | D19: 46204 | E19: t.almeida | F19: APR-5341
A20: SKU-4479 | B20: 1450 | C20: EUR | D20: 46204 | E20: s.patel | F20: APR-8448
A21: SKU-4480 | B21: 2230 | C21: GBP | D21: 46204 | E21: s.patel | F21: APR-3735
A22: SKU-4482 | B22: 560 | C22: USD | D22: 46204 | E22: r.okonkwo | F22: APR-2202
A23: SKU-4483 | B23: 630 | C23: EUR | D23: 46204 | E23: m.jensen | F23: APR-8295
A24: SKU-4484 | B24: 1380 | C24: EUR | D24: 46204 | E24: r.okonkwo | F24: APR-5327
A25: SKU-4485 | B25: 560 | C25: USD | D25: 46204 | E25: l.vasquez | F25: APR-3034
A26: SKU-4486 | B26: 1760 | C26: USD | D26: 46204 | E26: r.okonkwo | F26: APR-9437
... A43: SKU-5012 | B43: 2110 | C43: GBP | D43: 46204 | E43: m.jensen | F43: APR-8977
A44: SKU-5013 | B44: 2310 | C44: USD | D44: 46248 | E44: m.jensen
A45: SKU-5014 | B45: 1380 | C45: USD | D45: 46204 | E45: d.fairbanks | F45: APR-9480
A46: SKU-5015 | B46: 1450 | C46: USD | D46: 46204 | E46: s.patel | F46: APR-7401
A47: SKU-5018 | B47: 1700 | C47: USD | D47: 46204 | E47: t.almeida | F47: APR-4782
A48: SKU-5019 | B48: 860 | C48: USD | D48: 46204 | E48: d.fairbanks | F48: APR-1546

Sheet FX
A1: rate_date | B1: currency | C1: usd_per_unit
A2: 46204 | B2: USD | C2: 1
A3: 46204 | B3: EUR | C3: 1.0829
A4: 46204 | B4: GBP | C4: 1.2728
A5: 46205 | B5: USD | C5: 1
A6: 46205 | B6: EUR | C6: 1.0802
A7: 46205 | B7: GBP | C7: 1.2725
A8: 46206 | B8: USD | C8: 1
A9: 46206 | B9: EUR | C9: 1.0799
A10: 46206 | B10: GBP | C10: 1.2758
A11: 46207 | B11: USD | C11: 1
A12: 46207 | B12: EUR | C12: 1.0801
A13: 46207 | B13: GBP | C13: 1.277
... A277: 46295 | B277: GBP | C277: 1.2657

Sheet Adjustments
A1: adj_id | B1: entry_date | C1: amount_usd | D1: reason | E1: author | F1: source
A2: ADJ-001 | B2: 46295 | C2: 80000 | D2: Q3 rebate accrual per CFO email | E2: s.patel | F2: email from CFO, 2026-09-29
A3: ADJ-002 | B3: 46295 | C3: -12500 | D3: Reverse duplicate LATAM shipment billed twice | E3: r.okonkwo | F3: Slack thread #q3-close
